<ImportExportXml version="9.2.23083.172" SolutionPackageVersion="9.2" languagecode="1033" generatedBy="CrmLive" xmlns:xsi="http://www.w3.org/2001/XMLSchema-instance">
  <SolutionManifest>
    <UniqueName>HYDSolutionExport</UniqueName>
    <LocalizedNames>
      <LocalizedName description="HYD Solution Export" languagecode="1033" />
    </LocalizedNames>
    <Descriptions />
    <Version>1.0.0.2</Version>
    <Managed>0</Managed>
    <Publisher>
      <UniqueName>DefaultPublisherorgc1752ba2</UniqueName>
      <LocalizedNames>
        <LocalizedName description="Default Publisher for orgc1752ba2" languagecode="1033" />
      </LocalizedNames>
      <Descriptions>
        <Description description="Default publisher for this organization" languagecode="1033" />
      </Descriptions>
      <EMailAddress xsi:nil="true"></EMailAddress>
      <SupportingWebsiteUrl xsi:nil="true"></SupportingWebsiteUrl>
      <CustomizationPrefix>new</CustomizationPrefix>
      <CustomizationOptionValuePrefix>10000</CustomizationOptionValuePrefix>
    </Publisher>
    <RootComponents>
      <RootComponent type="1" schemaName="crc41_generaldomains" behavior="0" />
      <RootComponent type="1" schemaName="crc41_generalofficelocation" behavior="0" />
      <RootComponent type="1" schemaName="crc41_generalteams" behavior="0" />
      <RootComponent type="1" schemaName="crc41_hydadministrationinterface" behavior="0" />
      <RootComponent type="1" schemaName="crc41_hydadminusers" behavior="0" />
      <RootComponent type="1" schemaName="crc41_hyddata" behavior="0" />
      <RootComponent type="29" id="{40b8e76f-ea3c-ee11-bdf4-6045bdc1ef40}" behavior="0" />
      <RootComponent type="300" schemaName="bbcmcl_howyoudoingtv_16e20" behavior="0" />
    </RootComponents>
    <MissingDependencies>
    </MissingDependencies>
  </SolutionManifest>
</ImportExportXml>