{
  "properties": {
    "connectionReferences": {
      "shared_office365users": {
        "runtimeSource": "embedded",
        "connection": {
          "connectionReferenceLogicalName": "crc41_sharedoffice365users_0668f"
        },
        "api": {
          "name": "shared_office365users"
        }
      },
      "shared_office365": {
        "runtimeSource": "embedded",
        "connection": {
          "connectionReferenceLogicalName": "crc41_sharedoffice365_4373e"
        },
        "api": {
          "name": "shared_office365"
        }
      }
    },
    "definition": {
      "$schema": "https://schema.management.azure.com/providers/Microsoft.Logic/schemas/2016-06-01/workflowdefinition.json#",
      "contentVersion": "1.0.0.0",
      "parameters": {
        "$connections": {
          "defaultValue": {},
          "type": "Object"
        },
        "$authentication": {
          "defaultValue": {},
          "type": "SecureObject"
        }
      },
      "triggers": {
        "Recurrence": {
          "recurrence": {
            "frequency": "Week",
            "interval": 1,
            "timeZone": "UTC",
            "schedule": {
              "weekDays": [
                "Thursday"
              ],
              "hours": [
                "9"
              ],
              "minutes": [
                0
              ]
            }
          },
          "metadata": {
            "operationMetadataId": "3326e8f1-46fe-4042-b352-1c803b8da1a4"
          },
          "type": "Recurrence"
        }
      },
      "actions": {
        "Search_for_users_(V2)": {
          "runAfter": {},
          "metadata": {
            "operationMetadataId": "2ee33c53-d492-46b2-9d3a-73355d1d4401"
          },
          "type": "OpenApiConnection",
          "inputs": {
            "host": {
              "connectionName": "shared_office365users",
              "operationId": "SearchUserV2",
              "apiId": "/providers/Microsoft.PowerApps/apis/shared_office365users"
            },
            "parameters": {
              "isSearchTermRequired": false
            },
            "authentication": "@parameters('$authentication')"
          },
          "runtimeConfiguration": {
            "paginationPolicy": {
              "minimumItemCount": 2000
            }
          }
        },
        "Filter_array": {
          "runAfter": {
            "Search_for_users_(V2)": [
              "Succeeded"
            ]
          },
          "metadata": {
            "operationMetadataId": "8cd9cf30-8ad9-4ae6-9d02-16e7ee13579d"
          },
          "type": "Query",
          "inputs": {
            "from": "@outputs('Search_for_users_(V2)')?['body/value']",
            "where": "@and(equals(item()?['AccountEnabled'], true),not(contains(item()?['UserPrincipalName'], '#EXT#')))"
          }
        },
        "Apply_to_each": {
          "foreach": "@body('Filter_array')",
          "actions": {
            "Send_an_email_(V2)": {
              "runAfter": {},
              "metadata": {
                "operationMetadataId": "b5481acb-03a9-4fa0-bfbd-eef842b34a6e"
              },
              "type": "OpenApiConnection",
              "inputs": {
                "host": {
                  "connectionName": "shared_office365",
                  "operationId": "SendEmailV2",
                  "apiId": "/providers/Microsoft.PowerApps/apis/shared_office365"
                },
                "parameters": {
                  "emailMessage/To": "automation@bamboomcloud.com",
                  "emailMessage/Subject": "How You Doing?",
                  "emailMessage/Body": "<p>Hey @{items('Apply_to_each')?['DisplayName']}!<br>\n<br>\nHOW'S YOUR WEEK BEEN?<br>\n<br>\nWe'd love to hear about it so if you could please take a few seconds to fill in<br>\nthis week's form that would be amazing - we really value your feedback!<br>\n<br>\nClick link below;<br>\n<br>\n?<br>\n</p>",
                  "emailMessage/Importance": "Normal"
                },
                "authentication": "@parameters('$authentication')"
              }
            }
          },
          "runAfter": {
            "Filter_array": [
              "Succeeded"
            ]
          },
          "metadata": {
            "operationMetadataId": "276c3ad9-52eb-4683-961f-c1a6339b9131"
          },
          "type": "Foreach"
        }
      }
    },
    "templateName": ""
  },
  "schemaVersion": "1.0.0.0"
}